faces2147.jpg,0
faces948.jpg,0
faces3067.jpg,0
faces2104.jpg,0
faces2891.jpg,0
faces1880.jpg,0
faces1419.jpg,0
faces1239.jpg,0
faces1501.jpg,0
faces2517.jpg,0
faces1086.jpg,0
faces657.jpg,0
faces2371.jpg,0
faces2280.jpg,0
faces1688.jpg,0
faces2182.jpg,0
faces2309.jpg,0
faces2038.jpg,0
faces604.jpg,0
faces879.jpg,0
faces506.jpg,0
faces732.jpg,0
faces465.jpg,0
faces22.jpg,0
faces1926.jpg,0
faces1847.jpg,0
faces111.jpg,0
faces2014.jpg,0
faces407.jpg,0
faces626.jpg,0
faces652.jpg,0
faces1676.jpg,0
faces589.jpg,0
faces1203.jpg,0
faces1718.jpg,0
faces1710.jpg,0
faces1063.jpg,0
faces618.jpg,0
faces1564.jpg,0
faces1758.jpg,0
faces355.jpg,0
faces994.jpg,0
faces776.jpg,0
faces2707.jpg,0
faces1966.jpg,0
faces2065.jpg,0
faces1383.jpg,0
faces1757.jpg,0
faces1558.jpg,0
faces2352.jpg,0
faces3078.jpg,0
faces1971.jpg,0
faces950.jpg,0
faces1191.jpg,0
faces2266.jpg,0
faces11.jpg,0
faces268.jpg,0
faces0.jpg,0
faces3030.jpg,0
faces1205.jpg,0
faces2805.jpg,0
faces824.jpg,0
faces527.jpg,0
faces953.jpg,0
faces284.jpg,0
faces1056.jpg,0
faces2187.jpg,0
faces3068.jpg,0
faces3025.jpg,0
faces2576.jpg,0
faces2931.jpg,0
faces513.jpg,0
faces796.jpg,0
faces640.jpg,0
faces1919.jpg,0
faces1641.jpg,0
faces1322.jpg,0
faces1304.jpg,0
faces1228.jpg,0
faces2987.jpg,0
faces455.jpg,0
faces1365.jpg,0
faces954.jpg,0
faces1729.jpg,0
faces1960.jpg,0
faces370.jpg,0
faces2639.jpg,0
faces158.jpg,0
faces2306.jpg,0
faces294.jpg,0
faces2296.jpg,0
faces1446.jpg,0
faces1478.jpg,0
faces1580.jpg,0
faces2090.jpg,0
faces234.jpg,0
faces2150.jpg,0
faces1310.jpg,0
faces2960.jpg,0
faces1538.jpg,0
faces436.jpg,0
faces1878.jpg,0
faces1016.jpg,0
faces470.jpg,0
faces120.jpg,0
faces2759.jpg,0
faces127.jpg,0
faces1692.jpg,0
faces1444.jpg,0
faces2409.jpg,0
faces2027.jpg,0
faces213.jpg,0
faces1671.jpg,0
faces46.jpg,0
faces2775.jpg,0
faces1316.jpg,0
faces764.jpg,0
faces2508.jpg,0
faces1825.jpg,0
faces2432.jpg,0
faces2003.jpg,0
faces736.jpg,0
faces2044.jpg,0
faces272.jpg,0
faces2227.jpg,0
faces397.jpg,0
faces275.jpg,0
faces2959.jpg,0
faces2035.jpg,0
faces295.jpg,0
faces2912.jpg,0
faces1003.jpg,0
faces2998.jpg,0
faces1252.jpg,0
faces3006.jpg,0
faces2340.jpg,0
faces2451.jpg,0
faces1908.jpg,0
faces679.jpg,0
faces2833.jpg,0
faces145.jpg,0
faces2116.jpg,0
faces2188.jpg,0
faces2568.jpg,0
faces2536.jpg,0
faces851.jpg,0
faces2419.jpg,0
faces2347.jpg,0
faces2439.jpg,0
faces2318.jpg,0
faces817.jpg,0
faces3052.jpg,0
faces230.jpg,0
faces838.jpg,0
faces404.jpg,0
faces1561.jpg,0
faces348.jpg,0
faces2724.jpg,0
faces843.jpg,0
faces1742.jpg,0
faces3084.jpg,0
faces1004.jpg,0
faces2579.jpg,0
faces1381.jpg,0
faces1797.jpg,0
faces2041.jpg,0
faces202.jpg,0
faces603.jpg,0
faces1947.jpg,0
faces3060.jpg,0
faces2157.jpg,0
faces661.jpg,0
faces2402.jpg,0
faces1099.jpg,0
faces514.jpg,0
faces2824.jpg,0
faces1607.jpg,0
faces1703.jpg,0
faces141.jpg,0
faces2929.jpg,0
faces2105.jpg,0
faces1362.jpg,0
faces1719.jpg,0
faces1042.jpg,0
faces2509.jpg,0
faces329.jpg,0
faces632.jpg,0
faces291.jpg,0
faces438.jpg,0
faces117.jpg,0
faces2016.jpg,0
faces731.jpg,0
faces623.jpg,0
faces1594.jpg,0
faces2669.jpg,0
faces1535.jpg,0
faces223.jpg,0
faces1514.jpg,0
faces533.jpg,0
faces1543.jpg,0
faces1635.jpg,0
faces592.jpg,0
faces1337.jpg,0
faces2276.jpg,0
faces580.jpg,0
faces692.jpg,0
faces1255.jpg,0
faces262.jpg,0
faces2129.jpg,0
faces2407.jpg,0
faces1199.jpg,0
faces1929.jpg,0
faces993.jpg,0
faces1748.jpg,0
faces368.jpg,0
faces820.jpg,0
faces2961.jpg,0
faces471.jpg,0
faces103.jpg,0
faces2661.jpg,0
faces2485.jpg,0
faces3026.jpg,0
faces2219.jpg,0
faces1821.jpg,0
faces1117.jpg,0
faces1575.jpg,0
faces1530.jpg,0
faces1454.jpg,0
faces1706.jpg,0
faces1121.jpg,0
faces3081.jpg,0
faces554.jpg,0
faces973.jpg,0
faces2001.jpg,0
faces106.jpg,0
faces2412.jpg,0
faces1106.jpg,0
faces921.jpg,0
faces2100.jpg,0
faces204.jpg,0
faces1345.jpg,0
faces2983.jpg,0
faces1222.jpg,0
faces1202.jpg,0
faces99.jpg,0
faces365.jpg,0
faces186.jpg,0
faces687.jpg,0
faces3062.jpg,0
faces19.jpg,0
faces2179.jpg,0
faces267.jpg,0
faces1300.jpg,0
faces1031.jpg,0
faces86.jpg,0
faces651.jpg,0
faces1057.jpg,0
faces2454.jpg,0
faces1007.jpg,0
faces883.jpg,0
faces956.jpg,0
faces454.jpg,0
faces775.jpg,0
faces2337.jpg,0
faces2469.jpg,0
faces1840.jpg,0
faces2103.jpg,0
faces2491.jpg,0
faces383.jpg,0
faces2681.jpg,0
faces170.jpg,0
faces2257.jpg,0
faces2011.jpg,0
faces472.jpg,0
faces868.jpg,0
faces1804.jpg,0
faces2856.jpg,0
faces645.jpg,0
faces2206.jpg,0
faces2847.jpg,0
faces65.jpg,0
faces1899.jpg,0
faces2311.jpg,0
faces1832.jpg,0
faces2668.jpg,0
faces190.jpg,0
faces1156.jpg,0
faces14.jpg,0
faces1493.jpg,0
faces2528.jpg,0
faces2880.jpg,0
faces1050.jpg,0
faces1975.jpg,0
faces671.jpg,0
faces1953.jpg,0
faces1388.jpg,0
faces3054.jpg,0
faces1123.jpg,0
faces2464.jpg,0
faces700.jpg,0
faces2364.jpg,0
faces367.jpg,0
faces2289.jpg,0
faces144.jpg,0
faces1215.jpg,0
faces3019.jpg,0
faces2591.jpg,0
faces1491.jpg,0
faces2589.jpg,0
faces132.jpg,0
faces194.jpg,0
faces971.jpg,0
faces1603.jpg,0
faces673.jpg,0
faces214.jpg,0
faces833.jpg,0
faces2715.jpg,0
faces2785.jpg,0
faces1132.jpg,0
faces1489.jpg,0
faces1570.jpg,0
faces1341.jpg,0
faces1447.jpg,0
faces247.jpg,0
faces1459.jpg,0
faces1565.jpg,0
faces2862.jpg,0
faces1735.jpg,0
faces818.jpg,0
faces1100.jpg,0
faces2267.jpg,0
faces1542.jpg,0
faces1668.jpg,0
faces473.jpg,0
faces2282.jpg,0
faces490.jpg,0
faces1008.jpg,0
faces1846.jpg,0
faces3105.jpg,0
faces643.jpg,0
faces556.jpg,0
faces881.jpg,0
faces320.jpg,0
faces441.jpg,0
faces487.jpg,0
faces1235.jpg,0
faces256.jpg,0
faces1486.jpg,0
faces2581.jpg,0
faces850.jpg,0
faces1163.jpg,0
faces1781.jpg,0
faces1887.jpg,0
faces2884.jpg,0
faces2424.jpg,0
faces1774.jpg,0
faces324.jpg,0
faces767.jpg,0
faces1807.jpg,0
faces1829.jpg,0
faces2807.jpg,0
faces2625.jpg,0
faces1272.jpg,0
faces178.jpg,0
faces1600.jpg,0
faces2192.jpg,0
faces119.jpg,0
faces1656.jpg,0
faces466.jpg,0
faces1802.jpg,0
faces1782.jpg,0
faces2327.jpg,0
faces1768.jpg,0
faces1430.jpg,0
faces1508.jpg,0
faces3016.jpg,0
faces2488.jpg,0
faces1504.jpg,0
faces437.jpg,0
faces335.jpg,0
faces1859.jpg,0
faces1517.jpg,0
faces1178.jpg,0
faces390.jpg,0
faces1213.jpg,0
faces1013.jpg,0
faces323.jpg,0
faces1173.jpg,0
faces1717.jpg,0
faces1385.jpg,0
faces1479.jpg,0
faces1373.jpg,0
faces2851.jpg,0
faces2073.jpg,0
faces1525.jpg,0
faces869.jpg,0
faces2256.jpg,0
faces1155.jpg,0
faces669.jpg,0
faces2836.jpg,0
faces1762.jpg,0
faces29.jpg,0
faces2764.jpg,0
faces1942.jpg,0
faces381.jpg,0
faces1119.jpg,0
faces1752.jpg,0
faces859.jpg,0
faces1387.jpg,0
faces3011.jpg,0
faces2201.jpg,0
faces762.jpg,0
faces1339.jpg,0
faces1816.jpg,0
faces860.jpg,0
faces2417.jpg,0
faces1613.jpg,0
faces1726.jpg,0
faces468.jpg,0
faces499.jpg,0
faces2493.jpg,0
faces2109.jpg,0
faces175.jpg,0
faces34.jpg,0
faces1824.jpg,0
faces1331.jpg,0
faces591.jpg,0
faces9.jpg,0
faces1157.jpg,0
faces3007.jpg,0
faces2459.jpg,0
faces1406.jpg,0
faces2382.jpg,0
faces2171.jpg,0
faces2594.jpg,0
faces1443.jpg,0
faces810.jpg,0
faces586.jpg,0
faces2331.jpg,0
faces2032.jpg,0
faces2575.jpg,0
faces1702.jpg,0
faces40.jpg,0
faces2845.jpg,0
faces1923.jpg,0
faces880.jpg,0
faces1307.jpg,0
faces2177.jpg,0
faces2284.jpg,0
faces2202.jpg,0
faces2901.jpg,0
faces2749.jpg,0
faces2057.jpg,0
faces925.jpg,0
faces2263.jpg,0
faces2700.jpg,0
faces1608.jpg,0
faces567.jpg,0
faces135.jpg,0
faces17.jpg,0
faces2552.jpg,0
faces2744.jpg,0
faces1572.jpg,0
faces525.jpg,0
faces2456.jpg,0
faces2617.jpg,0
faces1941.jpg,0
faces2642.jpg,0
faces334.jpg,0
faces2421.jpg,0
faces2763.jpg,0
faces720.jpg,0
faces32.jpg,0
faces1064.jpg,0
faces184.jpg,0
faces738.jpg,0
faces3116.jpg,0
faces2539.jpg,0
faces2119.jpg,0
faces2762.jpg,0
faces2672.jpg,0
faces642.jpg,0
faces253.jpg,0
faces353.jpg,0
faces54.jpg,0
faces639.jpg,0
faces845.jpg,0
faces1284.jpg,0
faces1071.jpg,0
faces2806.jpg,0
faces2656.jpg,0
faces429.jpg,0
faces579.jpg,0
faces2351.jpg,0
faces1624.jpg,0
faces1358.jpg,0
faces761.jpg,0
faces1892.jpg,0
faces2026.jpg,0
faces2946.jpg,0
faces250.jpg,0
faces523.jpg,0
faces539.jpg,0
faces2075.jpg,0
faces1290.jpg,0
faces1897.jpg,0
faces2692.jpg,0
faces1921.jpg,0
faces2635.jpg,0
faces3101.jpg,0
faces1463.jpg,0
faces3046.jpg,0
faces356.jpg,0
faces2401.jpg,0
faces1067.jpg,0
faces1843.jpg,0
faces2291.jpg,0
faces926.jpg,0
faces978.jpg,0
faces1405.jpg,0
faces2125.jpg,0
faces3079.jpg,0
faces2080.jpg,0
faces1348.jpg,0
faces2607.jpg,0
faces104.jpg,0
faces310.jpg,0
faces2121.jpg,0
faces2723.jpg,0
faces1429.jpg,0
faces1069.jpg,0
faces2822.jpg,0
faces823.jpg,0
faces2387.jpg,0
faces2341.jpg,0
faces1844.jpg,0
faces779.jpg,0
faces2320.jpg,0
faces631.jpg,0
faces1909.jpg,0
faces783.jpg,0
faces494.jpg,0
faces694.jpg,0
faces927.jpg,0
faces615.jpg,0
faces1505.jpg,0
faces920.jpg,0
faces442.jpg,0
faces1654.jpg,0
faces249.jpg,0
faces2649.jpg,0
faces2051.jpg,0
faces1376.jpg,0
faces1669.jpg,0
faces219.jpg,0
faces1552.jpg,0
faces2196.jpg,0
faces3049.jpg,0
faces836.jpg,0
faces2737.jpg,0
faces2981.jpg,0
faces805.jpg,0
faces587.jpg,0
faces856.jpg,0
faces2750.jpg,0
faces1863.jpg,0
faces575.jpg,0
faces3053.jpg,0
faces2885.jpg,0
faces1522.jpg,0
faces2449.jpg,0
faces2423.jpg,0
faces1414.jpg,0
faces1987.jpg,0
faces414.jpg,0
faces1211.jpg,0
faces1801.jpg,0
faces2689.jpg,0
faces709.jpg,0
faces1940.jpg,0
faces2543.jpg,0
faces1881.jpg,0
faces807.jpg,0
faces180.jpg,0
faces1998.jpg,0
faces2247.jpg,0
faces2240.jpg,0
faces828.jpg,0
faces1102.jpg,0
faces2316.jpg,0
faces1392.jpg,0
faces2074.jpg,0
faces1871.jpg,0
faces2066.jpg,0
faces2496.jpg,0
faces1005.jpg,0
faces1513.jpg,0
faces2015.jpg,0
faces1623.jpg,0
faces280.jpg,0
faces2510.jpg,0
faces467.jpg,0
faces1273.jpg,0
faces2317.jpg,0
faces51.jpg,0
faces2776.jpg,0
faces1172.jpg,0
faces1496.jpg,0
faces620.jpg,0
faces2995.jpg,0
faces1326.jpg,0
faces1506.jpg,0
faces3118.jpg,0
faces2994.jpg,0
faces876.jpg,0
faces391.jpg,0
faces1113.jpg,0
faces1186.jpg,0
faces1820.jpg,0
faces976.jpg,0
faces584.jpg,0
faces1872.jpg,0
faces997.jpg,0
faces1118.jpg,0
faces254.jpg,0
faces2183.jpg,0
faces565.jpg,0
faces130.jpg,0
faces2239.jpg,0
faces2313.jpg,0
faces624.jpg,0
faces1416.jpg,0
faces576.jpg,0
faces2629.jpg,0
faces763.jpg,0
faces1800.jpg,0
faces2819.jpg,0
faces749.jpg,0
faces2215.jpg,0
faces3059.jpg,0
faces904.jpg,0
faces1030.jpg,0
faces1077.jpg,0
faces822.jpg,0
faces430.jpg,0
faces1276.jpg,0
faces74.jpg,0
faces293.jpg,0
faces1943.jpg,0
faces330.jpg,0
faces3108.jpg,0
faces2375.jpg,0
faces1955.jpg,0
faces1390.jpg,0
faces2405.jpg,0
faces1583.jpg,0
faces1747.jpg,0
faces480.jpg,0
faces2751.jpg,0
faces558.jpg,0
faces2251.jpg,0
faces3122.jpg,0
faces958.jpg,0
faces1891.jpg,0
faces116.jpg,0
faces1289.jpg,0
faces955.jpg,0
faces2.jpg,0
faces2096.jpg,0
faces1593.jpg,0
faces788.jpg,0
faces1160.jpg,0
faces2471.jpg,0
faces1469.jpg,0
faces695.jpg,0
faces628.jpg,0
faces2795.jpg,0
faces85.jpg,0
faces2403.jpg,0
faces1176.jpg,0
faces2816.jpg,0
faces2866.jpg,0
faces227.jpg,0
faces1837.jpg,0
faces2917.jpg,0
faces1350.jpg,0
faces1930.jpg,0
faces2720.jpg,0
faces616.jpg,0
faces2799.jpg,0
faces2226.jpg,0
faces1420.jpg,0
faces871.jpg,0
faces2631.jpg,0
faces1265.jpg,0
faces2078.jpg,0
faces633.jpg,0
faces307.jpg,0
faces2271.jpg,0
faces447.jpg,0
faces2113.jpg,0
faces2300.jpg,0
faces663.jpg,0
faces1115.jpg,0
faces1096.jpg,0
faces1201.jpg,0
faces1368.jpg,0
faces2455.jpg,0
faces2260.jpg,0
faces2285.jpg,0
faces2906.jpg,0
faces1009.jpg,0
faces308.jpg,0
faces1114.jpg,0
faces1120.jpg,0
faces2365.jpg,0
faces512.jpg,0
faces3111.jpg,0
faces1982.jpg,0
faces1675.jpg,0
faces244.jpg,0
faces1945.jpg,0
faces1764.jpg,0
faces2512.jpg,0
faces1360.jpg,0
faces2305.jpg,0
faces3043.jpg,0
faces1813.jpg,0
faces258.jpg,0
faces987.jpg,0
faces1988.jpg,0
faces311.jpg,0
faces1432.jpg,0
faces1527.jpg,0
faces98.jpg,0
faces1694.jpg,0
faces1311.jpg,0
faces2925.jpg,0
faces1354.jpg,0
faces3015.jpg,0
faces1615.jpg,0
faces1000.jpg,0
faces1274.jpg,0
faces2194.jpg,0
faces2701.jpg,0
faces2899.jpg,0
faces1882.jpg,0
faces1573.jpg,0
faces305.jpg,0
faces2835.jpg,0
faces1957.jpg,0
faces73.jpg,0
faces1997.jpg,0
faces321.jpg,0
faces3117.jpg,0
faces3076.jpg,0
faces2657.jpg,0
faces316.jpg,0
faces2598.jpg,0
faces1965.jpg,0
faces3001.jpg,0
faces2241.jpg,0
faces1754.jpg,0
faces1967.jpg,0
faces24.jpg,0
faces1841.jpg,0
faces2643.jpg,0
faces102.jpg,0
faces1170.jpg,0
faces2097.jpg,0
faces2680.jpg,0
faces375.jpg,0
faces1010.jpg,0
faces501.jpg,0
faces648.jpg,0
faces1462.jpg,0
faces702.jpg,0
faces564.jpg,0
faces1545.jpg,0
faces2678.jpg,0
faces2721.jpg,0
faces2358.jpg,0
faces77.jpg,0
faces1922.jpg,0
faces1162.jpg,0
faces2343.jpg,0
faces2134.jpg,0
faces52.jpg,0
faces1248.jpg,0
faces2768.jpg,0
faces1433.jpg,0
faces139.jpg,0
faces530.jpg,0
faces1836.jpg,0
faces2832.jpg,0
faces784.jpg,0
faces1640.jpg,0
faces1418.jpg,0
faces3041.jpg,0
faces1103.jpg,0
faces2130.jpg,0
faces137.jpg,0
faces1819.jpg,0
faces2326.jpg,0
faces1352.jpg,0
faces2735.jpg,0
faces2429.jpg,0
faces2815.jpg,0
faces995.jpg,0
faces2520.jpg,0
faces1375.jpg,0
faces191.jpg,0
faces2024.jpg,0
faces498.jpg,0
faces2042.jpg,0
faces1466.jpg,0
faces1855.jpg,0
faces2593.jpg,0
faces1075.jpg,0
faces2220.jpg,0
faces87.jpg,0
faces469.jpg,0
faces2551.jpg,0
faces2258.jpg,0
faces2314.jpg,0
faces1282.jpg,0
faces1225.jpg,0
faces2208.jpg,0
faces538.jpg,0
faces2531.jpg,0
faces711.jpg,0
faces934.jpg,0
faces1551.jpg,0
faces1920.jpg,0
faces155.jpg,0
faces1323.jpg,0
faces1351.jpg,0
faces1775.jpg,0
faces733.jpg,0
faces730.jpg,0
faces1709.jpg,0
faces2379.jpg,0
faces890.jpg,0
faces537.jpg,0
faces2411.jpg,0
faces2356.jpg,0
faces2486.jpg,0
faces2662.jpg,0
faces1927.jpg,0
faces593.jpg,0
faces2344.jpg,0
faces2699.jpg,0
faces909.jpg,0
faces2465.jpg,0
faces118.jpg,0
faces1457.jpg,0
faces2133.jpg,0
faces2572.jpg,0
faces380.jpg,0
faces464.jpg,0
faces420.jpg,0
faces2848.jpg,0
faces2054.jpg,0
faces1424.jpg,0
faces962.jpg,0
faces68.jpg,0
faces2376.jpg,0
faces549.jpg,0
faces2684.jpg,0
faces1403.jpg,0
faces1148.jpg,0
faces392.jpg,0
faces179.jpg,0
faces747.jpg,0
faces1756.jpg,0
faces3082.jpg,0
faces1911.jpg,0
faces2205.jpg,0
faces563.jpg,0
faces3024.jpg,0
faces961.jpg,0
faces2742.jpg,0
faces1877.jpg,0
faces1711.jpg,0
faces1738.jpg,0
faces1948.jpg,0
faces1827.jpg,0
faces108.jpg,0
faces1959.jpg,0
faces174.jpg,0
faces2440.jpg,0
faces1485.jpg,0
faces3042.jpg,0
faces1792.jpg,0
faces1401.jpg,0
faces1672.jpg,0
faces610.jpg,0
faces371.jpg,0
faces609.jpg,0
faces577.jpg,0
faces2533.jpg,0
faces2126.jpg,0
faces866.jpg,0
faces821.jpg,0
faces1499.jpg,0
faces26.jpg,0
faces991.jpg,0
faces2956.jpg,0
faces1321.jpg,0
faces2608.jpg,0
faces160.jpg,0
faces2849.jpg,0
faces2597.jpg,0
faces597.jpg,0
faces2659.jpg,0
faces1422.jpg,0
faces1665.jpg,0
faces297.jpg,0
faces2916.jpg,0
faces2839.jpg,0
faces8.jpg,0
faces2969.jpg,0
faces2574.jpg,0
faces2357.jpg,0
faces2058.jpg,0
faces1693.jpg,0
faces1159.jpg,0
faces1417.jpg,0
faces1620.jpg,0
faces2159.jpg,0
faces387.jpg,0
faces105.jpg,0
faces2155.jpg,0
faces2930.jpg,0
faces1933.jpg,0
faces2393.jpg,0
faces1423.jpg,0
faces2934.jpg,0
faces665.jpg,0
faces1576.jpg,0
faces1888.jpg,0
faces1520.jpg,0
faces2853.jpg,0
faces1140.jpg,0
faces176.jpg,0
faces363.jpg,0
faces143.jpg,0
faces3109.jpg,0
faces1852.jpg,0
faces222.jpg,0
faces2852.jpg,0
faces115.jpg,0
faces1678.jpg,0
faces1356.jpg,0
faces1591.jpg,0
faces1586.jpg,0
faces1808.jpg,0
faces260.jpg,0
faces2395.jpg,0
faces246.jpg,0
faces1012.jpg,0
faces919.jpg,0
faces1884.jpg,0
faces1689.jpg,0
faces2808.jpg,0
faces112.jpg,0
faces1763.jpg,0
faces849.jpg,0
faces197.jpg,0
faces1445.jpg,0
faces79.jpg,0
faces930.jpg,0
faces2350.jpg,0
faces1524.jpg,0
faces1095.jpg,0
faces154.jpg,0
faces2277.jpg,0
faces2007.jpg,0
faces966.jpg,0
faces979.jpg,0
faces255.jpg,0
faces1673.jpg,0
faces421.jpg,0
faces1761.jpg,0
faces1379.jpg,0
faces1021.jpg,0
faces557.jpg,0
faces793.jpg,0
faces3114.jpg,0
faces830.jpg,0
faces2698.jpg,0
faces1477.jpg,0
faces1061.jpg,0
faces3093.jpg,0
faces740.jpg,0
faces15.jpg,0
faces2269.jpg,0
faces1435.jpg,0
faces2580.jpg,0
faces2731.jpg,0
faces1785.jpg,0
faces2843.jpg,0
faces1475.jpg,0
faces2841.jpg,0
faces912.jpg,0
faces602.jpg,0
faces1066.jpg,0
faces1798.jpg,0
faces2958.jpg,0
faces492.jpg,0
faces606.jpg,0
faces2586.jpg,0
faces891.jpg,0
faces1367.jpg,0
faces1992.jpg,0
faces2426.jpg,0
faces2565.jpg,0
faces95.jpg,0
faces2736.jpg,0
faces712.jpg,0
faces1363.jpg,0
faces224.jpg,0
faces2827.jpg,0
faces862.jpg,0
faces1237.jpg,0
faces1724.jpg,0
faces1936.jpg,0
faces2702.jpg,0
faces1327.jpg,0
faces1312.jpg,0
faces1628.jpg,0
faces322.jpg,0
faces1382.jpg,0
faces1507.jpg,0
faces1456.jpg,0
faces1790.jpg,0
faces2965.jpg,0
faces754.jpg,0
faces2691.jpg,0
faces839.jpg,0
faces536.jpg,0
faces2221.jpg,0
faces2396.jpg,0
faces221.jpg,0
faces2448.jpg,0
faces872.jpg,0
faces682.jpg,0
faces2466.jpg,0
faces550.jpg,0
faces3051.jpg,0
faces542.jpg,0
faces875.jpg,0
faces233.jpg,0
faces1154.jpg,0
faces963.jpg,0
faces152.jpg,0
faces1094.jpg,0
faces1867.jpg,0
faces2558.jpg,0
faces2499.jpg,0
faces212.jpg,0
faces2223.jpg,0
faces2336.jpg,0
faces2725.jpg,0
faces2603.jpg,0
faces206.jpg,0
faces621.jpg,0
faces2671.jpg,0
faces408.jpg,0
faces942.jpg,0
faces2046.jpg,0
faces2325.jpg,0
faces935.jpg,0
faces2273.jpg,0
faces1181.jpg,0
faces218.jpg,0
faces236.jpg,0
faces1521.jpg,0
faces989.jpg,0
faces2685.jpg,0
faces2178.jpg,0
faces2730.jpg,0
faces2222.jpg,0
faces1372.jpg,0
faces1848.jpg,0
faces1526.jpg,0
faces2290.jpg,0
faces2883.jpg,0
faces2908.jpg,0
faces1610.jpg,0
faces2232.jpg,0
faces947.jpg,0
faces2252.jpg,0
faces1402.jpg,0
faces2175.jpg,0
faces1188.jpg,0
faces138.jpg,0
faces2561.jpg,0
faces715.jpg,0
faces2002.jpg,0
faces2308.jpg,0
faces2710.jpg,0
faces201.jpg,0
faces2468.jpg,0
faces2199.jpg,0
faces1315.jpg,0
faces1780.jpg,0
faces6.jpg,0
faces1667.jpg,0
faces1141.jpg,0
faces412.jpg,0
faces195.jpg,0
faces278.jpg,0
faces1032.jpg,0
faces38.jpg,0
faces2831.jpg,0
faces1442.jpg,0
faces864.jpg,0
faces1378.jpg,0
faces2406.jpg,0
faces3009.jpg,0
faces2703.jpg,0
faces710.jpg,0
faces509.jpg,0
faces1449.jpg,0
faces1883.jpg,0
faces2444.jpg,0
faces544.jpg,0
faces659.jpg,0
faces1865.jpg,0
faces932.jpg,0
faces2887.jpg,0
faces2697.jpg,0
faces2534.jpg,0
faces2384.jpg,0
faces1198.jpg,0
faces1047.jpg,0
faces2538.jpg,0
faces1805.jpg,0
faces1687.jpg,0
faces2460.jpg,0
faces3087.jpg,0
faces2910.jpg,0
faces2128.jpg,0
faces1090.jpg,0
faces727.jpg,0
faces1128.jpg,0
faces3028.jpg,0
faces173.jpg,0
faces2638.jpg,0
faces2923.jpg,0
faces2425.jpg,0
faces1550.jpg,0
faces744.jpg,0
faces2004.jpg,0
faces728.jpg,0
faces3021.jpg,0
faces2322.jpg,0
faces3097.jpg,0
faces2330.jpg,0
faces924.jpg,0
faces2673.jpg,0
faces1661.jpg,0
faces2628.jpg,0
faces3098.jpg,0
faces578.jpg,0
faces2687.jpg,0
faces1049.jpg,0
faces566.jpg,0
faces2410.jpg,0
faces2385.jpg,0
faces1915.jpg,0
faces497.jpg,0
faces1278.jpg,0
faces678.jpg,0
faces2329.jpg,0
faces2904.jpg,0
faces846.jpg,0
faces287.jpg,0
faces198.jpg,0
faces1814.jpg,0
faces516.jpg,0
faces1025.jpg,0
faces1245.jpg,0
faces1319.jpg,0
faces2461.jpg,0
faces113.jpg,0
faces1214.jpg,0
faces706.jpg,0
faces1681.jpg,0
faces2089.jpg,0
faces482.jpg,0
faces1619.jpg,0
faces2970.jpg,0
faces1907.jpg,0
faces1978.jpg,0
faces96.jpg,0
faces553.jpg,0
faces347.jpg,0
faces2577.jpg,0
faces3033.jpg,0
faces1410.jpg,0
faces326.jpg,0
faces252.jpg,0
faces2381.jpg,0
faces2997.jpg,0
faces2197.jpg,0
faces2709.jpg,0
faces1931.jpg,0
faces3035.jpg,0
faces1896.jpg,0
faces599.jpg,0
faces2676.jpg,0
faces1990.jpg,0
faces1426.jpg,0
faces1498.jpg,0
faces1242.jpg,0
faces3071.jpg,0
faces493.jpg,0
faces1649.jpg,0
faces2817.jpg,0
faces1480.jpg,0
faces1177.jpg,0
faces831.jpg,0
faces2567.jpg,0
faces2069.jpg,0
faces1244.jpg,0
faces2548.jpg,0
faces2801.jpg,0
faces3050.jpg,0
faces2803.jpg,0
faces2443.jpg,0
faces203.jpg,0
faces1109.jpg,0
faces431.jpg,0
faces2728.jpg,0
faces1556.jpg,0
faces2864.jpg,0
faces1605.jpg,0
faces2746.jpg,0
faces2117.jpg,0
faces2804.jpg,0
faces1471.jpg,0
faces169.jpg,0
faces3057.jpg,0
faces1185.jpg,0
faces674.jpg,0
faces2636.jpg,0
faces521.jpg,0
faces2071.jpg,0
faces2814.jpg,0
faces2999.jpg,0
faces1788.jpg,0
faces2274.jpg,0
faces2837.jpg,0
faces1523.jpg,0
faces2616.jpg,0
faces1737.jpg,0
faces114.jpg,0
faces453.jpg,0
faces69.jpg,0
faces277.jpg,0
faces2511.jpg,0
faces1596.jpg,0
faces2944.jpg,0
faces76.jpg,0
faces3110.jpg,0
faces1045.jpg,0
faces2088.jpg,0
faces259.jpg,0
faces485.jpg,0
faces1052.jpg,0
faces2487.jpg,0
faces450.jpg,0
faces2620.jpg,0
faces1547.jpg,0
faces1791.jpg,0
faces970.jpg,0
faces41.jpg,0
faces1765.jpg,0
faces1384.jpg,0
faces2413.jpg,0
faces1468.jpg,0
faces1470.jpg,0
faces2084.jpg,0
faces3.jpg,0
faces2777.jpg,0
faces1779.jpg,0
faces1962.jpg,0
faces2107.jpg,0
faces2924.jpg,0
faces1400.jpg,0
faces1823.jpg,0
faces156.jpg,0
faces2779.jpg,0
faces2259.jpg,0
faces743.jpg,0
faces2076.jpg,0
faces1657.jpg,0
faces2392.jpg,0
faces2555.jpg,0
faces1070.jpg,0
faces2415.jpg,0
faces1217.jpg,0
faces789.jpg,0
faces1924.jpg,0
faces1301.jpg,0
faces2613.jpg,0
faces2249.jpg,0
faces2525.jpg,0
faces351.jpg,0
faces718.jpg,0
faces2292.jpg,0
faces3012.jpg,0
faces2535.jpg,0
faces854.jpg,0
faces1835.jpg,0
faces2427.jpg,0
faces2242.jpg,0
faces520.jpg,0
faces331.jpg,0
faces2335.jpg,0
faces2708.jpg,0
faces7.jpg,0
faces1334.jpg,0
faces1968.jpg,0
faces1452.jpg,0
faces1168.jpg,0
faces338.jpg,0
faces192.jpg,0
faces2345.jpg,0
faces3003.jpg,0
faces2218.jpg,0
faces350.jpg,0
faces1465.jpg,0
faces834.jpg,0
faces3119.jpg,0
faces742.jpg,0
faces300.jpg,0
faces2143.jpg,0
faces1795.jpg,0
faces2022.jpg,0
faces2957.jpg,0
faces1701.jpg,0
faces1540.jpg,0
faces2748.jpg,0
faces1380.jpg,0
faces3088.jpg,0
faces2112.jpg,0
faces1637.jpg,0
faces1712.jpg,0
faces220.jpg,0
faces481.jpg,0
faces2348.jpg,0
faces3055.jpg,0
faces3063.jpg,0
faces2693.jpg,0
faces298.jpg,0
faces446.jpg,0
faces1713.jpg,0
faces93.jpg,0
faces2982.jpg,0
faces889.jpg,0
faces2431.jpg,0
faces2070.jpg,0
faces1991.jpg,0
faces189.jpg,0
faces896.jpg,0
faces1659.jpg,0
faces2893.jpg,0
faces1685.jpg,0
faces722.jpg,0
faces1036.jpg,0
faces600.jpg,0
faces1638.jpg,0
faces844.jpg,0
faces27.jpg,0
faces2312.jpg,0
faces90.jpg,0
faces2019.jpg,0
faces2354.jpg,0
faces1145.jpg,0
faces1979.jpg,0
faces2825.jpg,0
faces1033.jpg,0
faces153.jpg,0
faces2142.jpg,0
faces343.jpg,0
faces151.jpg,0
faces1590.jpg,0
faces2172.jpg,0
faces1683.jpg,0
faces908.jpg,0
faces83.jpg,0
faces2902.jpg,0
faces2714.jpg,0
faces3065.jpg,0
faces1072.jpg,0
faces1083.jpg,0
faces286.jpg,0
faces1739.jpg,0
faces1038.jpg,0
faces2733.jpg,0
faces1397.jpg,0
faces424.jpg,0
faces2752.jpg,0
faces1221.jpg,0
faces49.jpg,0
faces1107.jpg,0
faces2081.jpg,0
faces1549.jpg,0
faces907.jpg,0
faces2798.jpg,0
faces460.jpg,0
faces1652.jpg,0
faces1698.jpg,0
faces1200.jpg,0
faces812.jpg,0
faces185.jpg,0
faces697.jpg,0
faces792.jpg,0
faces2667.jpg,0
faces1589.jpg,0
faces388.jpg,0
faces2059.jpg,0
faces434.jpg,0
faces545.jpg,0
faces2447.jpg,0
faces870.jpg,0
faces2592.jpg,0
faces2339.jpg,0
faces2152.jpg,0
faces2265.jpg,0
faces964.jpg,0
faces1308.jpg,0
faces672.jpg,0
faces3036.jpg,0
faces1714.jpg,0
faces750.jpg,0
faces902.jpg,0
faces2986.jpg,0
faces1206.jpg,0
faces2315.jpg,0
faces403.jpg,0
faces474.jpg,0
faces699.jpg,0
faces1529.jpg,0
faces401.jpg,0
faces1629.jpg,0
faces2888.jpg,0
faces2761.jpg,0
faces2821.jpg,0
faces2810.jpg,0
faces341.jpg,0
faces1089.jpg,0
faces2372.jpg,0
faces795.jpg,0
faces2200.jpg,0
faces1287.jpg,0
faces1745.jpg,0
faces2108.jpg,0
faces177.jpg,0
faces2013.jpg,0
faces634.jpg,0
faces2718.jpg,0
faces2297.jpg,0
faces1060.jpg,0
faces2919.jpg,0
faces2162.jpg,0
faces1434.jpg,0
faces2275.jpg,0
faces782.jpg,0
faces1451.jpg,0
faces1925.jpg,0
faces1753.jpg,0
faces417.jpg,0
faces1110.jpg,0
faces91.jpg,0
faces1294.jpg,0
faces1267.jpg,0
faces1810.jpg,0
faces2436.jpg,0
faces1391.jpg,0
faces1135.jpg,0
faces781.jpg,0
faces2272.jpg,0
faces304.jpg,0
faces207.jpg,0
faces337.jpg,0
faces1018.jpg,0
faces1643.jpg,0
faces2420.jpg,0
faces2234.jpg,0
faces2166.jpg,0
faces1015.jpg,0
faces841.jpg,0
faces1886.jpg,0
faces2606.jpg,0
faces886.jpg,0
faces1568.jpg,0
faces2559.jpg,0
faces1566.jpg,0
faces2695.jpg,0
faces342.jpg,0
faces21.jpg,0
faces1585.jpg,0
faces515.jpg,0
faces2747.jpg,0
faces1519.jpg,0
faces2122.jpg,0
faces540.jpg,0
faces3004.jpg,0
faces778.jpg,0
faces2770.jpg,0
faces2595.jpg,0
faces568.jpg,0
faces2233.jpg,0
faces1893.jpg,0
faces1183.jpg,0
faces571.jpg,0
faces36.jpg,0
faces1773.jpg,0
faces1707.jpg,0
faces2030.jpg,0
faces1902.jpg,0
faces703.jpg,0
faces1051.jpg,0
faces1346.jpg,0
faces1111.jpg,0
faces336.jpg,0
faces1404.jpg,0
faces2167.jpg,0
faces333.jpg,0
faces37.jpg,0
faces791.jpg,0
faces2064.jpg,0
faces1166.jpg,0
faces923.jpg,0
faces1983.jpg,0
faces2099.jpg,0
faces229.jpg,0
faces1029.jpg,0
faces814.jpg,0
faces1261.jpg,0
faces1330.jpg,0
faces983.jpg,0
faces1161.jpg,0
faces1932.jpg,0
faces45.jpg,0
faces1849.jpg,0
faces1281.jpg,0
faces2968.jpg,0
faces2127.jpg,0
faces2774.jpg,0
faces2288.jpg,0
faces2991.jpg,0
faces1749.jpg,0
faces340.jpg,0
faces1917.jpg,0
faces725.jpg,0
faces2052.jpg,0
faces2036.jpg,0
faces985.jpg,0
faces2896.jpg,0
faces1196.jpg,0
faces165.jpg,0
faces1746.jpg,0
faces13.jpg,0
faces1759.jpg,0
faces867.jpg,0
faces2224.jpg,0
faces378.jpg,0
faces2743.jpg,0
faces1014.jpg,0
faces1803.jpg,0
faces1389.jpg,0
faces735.jpg,0
faces977.jpg,0
faces972.jpg,0
faces1857.jpg,0
faces865.jpg,0
faces128.jpg,0
faces2936.jpg,0
faces182.jpg,0
faces1297.jpg,0
faces2513.jpg,0
faces574.jpg,0
faces2416.jpg,0
faces1912.jpg,0
faces1453.jpg,0
faces2791.jpg,0
faces1127.jpg,0
faces396.jpg,0
faces477.jpg,0
faces168.jpg,0
faces389.jpg,0
faces1194.jpg,0
faces726.jpg,0
faces1472.jpg,0
faces635.jpg,0
faces531.jpg,0
faces819.jpg,0
faces1680.jpg,0
faces1885.jpg,0
faces511.jpg,0
faces2522.jpg,0
faces893.jpg,0
faces205.jpg,0
faces2840.jpg,0
faces58.jpg,0
faces1973.jpg,0
faces2094.jpg,0
faces3031.jpg,0
faces1292.jpg,0
faces2771.jpg,0
faces150.jpg,0
faces1034.jpg,0
faces432.jpg,0
faces2933.jpg,0
faces2101.jpg,0
faces131.jpg,0
faces1022.jpg,0
faces2741.jpg,0
faces2123.jpg,0
faces1648.jpg,0
faces161.jpg,0
faces3112.jpg,0
faces3020.jpg,0
faces2790.jpg,0
faces1343.jpg,0
faces1317.jpg,0
faces2490.jpg,0
faces1231.jpg,0
faces1786.jpg,0
faces1592.jpg,0
faces765.jpg,0
faces386.jpg,0
faces2688.jpg,0
faces1142.jpg,0
faces1510.jpg,0
faces2034.jpg,0
faces2293.jpg,0
faces2644.jpg,0
faces1464.jpg,0
faces261.jpg,0
faces1296.jpg,0
faces1528.jpg,0
faces1438.jpg,0
faces2338.jpg,0
faces1616.jpg,0
faces2622.jpg,0
faces2299.jpg,0
faces2782.jpg,0
faces2686.jpg,0
faces44.jpg,0
faces1938.jpg,0
faces2619.jpg,0
faces2869.jpg,0
faces2920.jpg,0
faces811.jpg,0
faces56.jpg,0
faces1559.jpg,0
faces318.jpg,0
faces1916.jpg,0
faces1431.jpg,0
faces2480.jpg,0
faces2562.jpg,0
faces507.jpg,0
faces2820.jpg,0
faces755.jpg,0
faces2211.jpg,0
faces1894.jpg,0
faces768.jpg,0
faces3047.jpg,0
faces2792.jpg,0
faces2529.jpg,0
faces505.jpg,0
faces1875.jpg,0
faces2653.jpg,0
faces3080.jpg,0
faces1704.jpg,0
faces1254.jpg,0
faces1587.jpg,0
faces2079.jpg,0
faces426.jpg,0
faces1944.jpg,0
faces2719.jpg,0
faces1618.jpg,0
faces2863.jpg,0
faces12.jpg,0
faces2554.jpg,0
faces239.jpg,0
faces1811.jpg,0
faces2767.jpg,0
faces110.jpg,0
faces649.jpg,0
faces281.jpg,0
faces2053.jpg,0
faces2860.jpg,0
faces376.jpg,0
faces1369.jpg,0
faces1131.jpg,0
faces547.jpg,0
faces1227.jpg,0
faces2802.jpg,0
faces2048.jpg,0
faces1340.jpg,0
faces129.jpg,0
faces1408.jpg,0
faces2950.jpg,0
faces562.jpg,0
faces2377.jpg,0
faces2614.jpg,0
faces92.jpg,0
faces1320.jpg,0
faces677.jpg,0
faces1900.jpg,0
faces385.jpg,0
faces797.jpg,0
faces1133.jpg,0
faces1598.jpg,0
faces2955.jpg,0
faces140.jpg,0
faces2230.jpg,0
faces2495.jpg,0
faces409.jpg,0
faces3121.jpg,0
faces3102.jpg,0
faces693.jpg,0
faces2324.jpg,0
faces806.jpg,0
faces595.jpg,0
faces646.jpg,0
faces2526.jpg,0
faces2823.jpg,0
faces2690.jpg,0
faces1560.jpg,0
faces2050.jpg,0
faces1516.jpg,0
faces2132.jpg,0
faces1578.jpg,0
faces479.jpg,0
faces1230.jpg,0
faces1288.jpg,0
faces2361.jpg,0
faces1553.jpg,0
faces2115.jpg,0
faces510.jpg,0
faces1500.jpg,0
faces2865.jpg,0
faces2979.jpg,0
faces1394.jpg,0
faces1895.jpg,0
faces1116.jpg,0
faces1625.jpg,0
faces1732.jpg,0
faces1651.jpg,0
faces1224.jpg,0
faces2861.jpg,0
faces1236.jpg,0
faces1208.jpg,0
faces3048.jpg,0
faces2137.jpg,0
faces2136.jpg,0
faces2141.jpg,0
faces1606.jpg,0
faces2755.jpg,0
faces226.jpg,0
faces1569.jpg,0
faces1260.jpg,0
faces2909.jpg,0
faces1147.jpg,0
faces1655.jpg,0
faces1412.jpg,0
faces2148.jpg,0
faces668.jpg,0
faces1425.jpg,0
faces1876.jpg,0
faces773.jpg,0
faces2615.jpg,0
faces3027.jpg,0
faces2244.jpg,0
faces2434.jpg,0
faces561.jpg,0
faces1240.jpg,0
faces952.jpg,0
faces2890.jpg,0
faces1617.jpg,0
faces590.jpg,0
faces1065.jpg,0
faces2231.jpg,0
faces2452.jpg,0
faces519.jpg,0
faces757.jpg,0
faces299.jpg,0
faces2757.jpg,0
faces910.jpg,0
faces2131.jpg,0
faces937.jpg,0
faces1295.jpg,0
faces1682.jpg,0
faces1612.jpg,0
faces2754.jpg,0
faces171.jpg,0
faces751.jpg,0
faces384.jpg,0
faces1822.jpg,0
faces654.jpg,0
faces2516.jpg,0
faces1660.jpg,0
faces2319.jpg,0
faces319.jpg,0
faces2663.jpg,0
faces2984.jpg,0
faces2045.jpg,0
faces200.jpg,0
faces2648.jpg,0
faces3086.jpg,0
faces969.jpg,0
faces2467.jpg,0
faces1264.jpg,0
faces753.jpg,0
faces1104.jpg,0
faces242.jpg,0
faces1250.jpg,0
faces1741.jpg,0
faces799.jpg,0
faces984.jpg,0
faces2677.jpg,0
faces1087.jpg,0
faces269.jpg,0
faces855.jpg,0
faces1377.jpg,0
faces2660.jpg,0
faces1192.jpg,0
faces2060.jpg,0
faces745.jpg,0
faces1105.jpg,0
faces2158.jpg,0
faces488.jpg,0
faces716.jpg,0
faces1627.jpg,0
faces2740.jpg,0
faces2408.jpg,0
faces2397.jpg,0
faces1169.jpg,0
faces2470.jpg,0
faces2262.jpg,0
faces2012.jpg,0
faces332.jpg,0
faces1270.jpg,0
faces2530.jpg,0
faces878.jpg,0
faces476.jpg,0
faces2665.jpg,0
faces774.jpg,0
faces2647.jpg,0
faces2092.jpg,0
faces683.jpg,0
faces435.jpg,0
faces1481.jpg,0
faces2093.jpg,0
faces2879.jpg,0
faces929.jpg,0
faces2250.jpg,0
faces302.jpg,0
faces94.jpg,0
faces352.jpg,0
faces2360.jpg,0
faces88.jpg,0
faces3070.jpg,0
faces1332.jpg,0
faces2954.jpg,0
faces1062.jpg,0
faces644.jpg,0
faces433.jpg,0
faces1531.jpg,0
faces770.jpg,0
faces2346.jpg,0
faces1407.jpg,0
faces1371.jpg,0
faces787.jpg,0
faces1247.jpg,0
faces2332.jpg,0
faces1271.jpg,0
faces2630.jpg,0
faces2900.jpg,0
faces741.jpg,0
faces1854.jpg,0
faces808.jpg,0
faces1611.jpg,0
faces2302.jpg,0
faces325.jpg,0
faces187.jpg,0
faces1582.jpg,0
faces2140.jpg,0
faces2717.jpg,0
faces2164.jpg,0
faces1901.jpg,0
faces70.jpg,0
faces1563.jpg,0
faces2458.jpg,0
faces2118.jpg,0
faces1772.jpg,0
faces1180.jpg,0
faces2304.jpg,0
faces484.jpg,0
faces897.jpg,0
faces2569.jpg,0
faces1889.jpg,0
faces2503.jpg,0
faces2773.jpg,0
faces2353.jpg,0
faces769.jpg,0
faces1708.jpg,0
faces1839.jpg,0
faces2111.jpg,0
faces1037.jpg,0
faces3022.jpg,0
faces622.jpg,0
faces2009.jpg,0
faces2541.jpg,0
faces2102.jpg,0
faces996.jpg,0
faces2414.jpg,0
faces2210.jpg,0
faces794.jpg,0
faces2114.jpg,0
faces1436.jpg,0
faces1058.jpg,0
faces916.jpg,0
faces1599.jpg,0
faces748.jpg,0
faces949.jpg,0
faces666.jpg,0
faces2716.jpg,0
faces1722.jpg,0
faces2507.jpg,0
faces2173.jpg,0
faces2029.jpg,0
faces630.jpg,0
faces873.jpg,0
faces1305.jpg,0
faces3000.jpg,0
faces2367.jpg,0
faces2524.jpg,0
faces840.jpg,0
faces802.jpg,0
faces1862.jpg,0
faces2303.jpg,0
faces1448.jpg,0
faces346.jpg,0
faces2254.jpg,0
faces364.jpg,0
faces461.jpg,0
faces800.jpg,0
faces1868.jpg,0
faces2278.jpg,0
faces641.jpg,0
faces2124.jpg,0
faces394.jpg,0
faces1621.jpg,0
faces62.jpg,0
faces759.jpg,0
faces698.jpg,0
faces400.jpg,0
faces1890.jpg,0
faces1344.jpg,0
faces2609.jpg,0
faces2321.jpg,0
faces1937.jpg,0
faces2633.jpg,0
faces594.jpg,0
faces2281.jpg,0
faces1793.jpg,0
faces1098.jpg,0
faces3002.jpg,0
faces1125.jpg,0
faces2161.jpg,0
faces136.jpg,0
faces1952.jpg,0
faces2988.jpg,0
faces373.jpg,0
faces1197.jpg,0
faces2049.jpg,0
faces2645.jpg,0
faces270.jpg,0
faces2287.jpg,0
faces1609.jpg,0
faces2149.jpg,0
faces2621.jpg,0
faces1023.jpg,0
faces2245.jpg,0
faces82.jpg,0
faces2248.jpg,0
faces2110.jpg,0
faces1914.jpg,0
faces2498.jpg,0
faces2811.jpg,0
faces3085.jpg,0
faces1515.jpg,0
faces1081.jpg,0
faces440.jpg,0
faces449.jpg,0
faces265.jpg,0
faces2391.jpg,0
faces2878.jpg,0
faces1557.jpg,0
faces1512.jpg,0
faces898.jpg,0
faces1736.jpg,0
faces2876.jpg,0
faces2927.jpg,0
faces1664.jpg,0
faces803.jpg,0
faces1302.jpg,0
faces1799.jpg,0
faces2578.jpg,0
faces804.jpg,0
faces2942.jpg,0
faces10.jpg,0
faces1730.jpg,0
faces3017.jpg,0
faces3064.jpg,0
faces72.jpg,0
faces1961.jpg,0
faces395.jpg,0
faces1969.jpg,0
faces2209.jpg,0
faces439.jpg,0
faces2921.jpg,0
faces887.jpg,0
faces2389.jpg,0
faces1054.jpg,0
faces360.jpg,0
faces1918.jpg,0
faces1055.jpg,0
faces328.jpg,0
faces1873.jpg,0
faces2637.jpg,0
faces1268.jpg,0
faces3069.jpg,0
faces89.jpg,0
faces211.jpg,0
faces777.jpg,0
faces667.jpg,0
faces1085.jpg,0
faces2198.jpg,0
faces546.jpg,0
faces1838.jpg,0
faces2190.jpg,0
faces2437.jpg,0
faces1364.jpg,0
faces717.jpg,0
faces2483.jpg,0
faces3018.jpg,0
faces1028.jpg,0
faces3083.jpg,0
faces43.jpg,0
faces2809.jpg,0
faces379.jpg,0
faces1460.jpg,0
faces1234.jpg,0
faces164.jpg,0
faces2758.jpg,0
faces1006.jpg,0
faces1309.jpg,0
faces1256.jpg,0
faces503.jpg,0
faces534.jpg,0
faces2664.jpg,0
faces2504.jpg,0
faces2523.jpg,0
faces1760.jpg,0
faces2021.jpg,0
faces2897.jpg,0
faces1286.jpg,0
faces2477.jpg,0
faces124.jpg,0
faces2400.jpg,0
faces418.jpg,0
faces1353.jpg,0
faces1078.jpg,0
faces1769.jpg,0
faces2168.jpg,0
faces55.jpg,0
faces1153.jpg,0
faces2139.jpg,0
faces936.jpg,0
faces708.jpg,0
faces2872.jpg,0
faces159.jpg,0
faces1784.jpg,0
faces2366.jpg,0
faces737.jpg,0
faces1076.jpg,0
faces684.jpg,0
faces2793.jpg,0
faces1864.jpg,0
faces3094.jpg,0
faces3091.jpg,0
faces264.jpg,0
faces2144.jpg,0
faces84.jpg,0
faces1291.jpg,0
faces1195.jpg,0
faces2146.jpg,0
faces1906.jpg,0
faces393.jpg,0
faces1533.jpg,0
faces1048.jpg,0
faces2039.jpg,0
faces1935.jpg,0
faces2062.jpg,0
faces760.jpg,0
faces2797.jpg,0
faces1509.jpg,0
faces835.jpg,0
faces1670.jpg,0
faces2355.jpg,0
faces2560.jpg,0
faces1484.jpg,0
faces1027.jpg,0
faces2756.jpg,0
faces2964.jpg,0
faces2886.jpg,0
faces428.jpg,0
faces2390.jpg,0
faces410.jpg,0
faces225.jpg,0
faces2563.jpg,0
faces97.jpg,0
faces2952.jpg,0
faces1913.jpg,0
faces1750.jpg,0
faces2521.jpg,0
faces1374.jpg,0
faces2780.jpg,0
faces2993.jpg,0
faces3034.jpg,0
faces2368.jpg,0
faces2722.jpg,0
faces1411.jpg,0
faces613.jpg,0
faces1093.jpg,0
faces1744.jpg,0
faces2650.jpg,0
faces888.jpg,0
faces2829.jpg,0
faces2918.jpg,0
faces714.jpg,0
faces1853.jpg,0
faces2634.jpg,0
faces1232.jpg,0
faces1977.jpg,0
faces2705.jpg,0
faces664.jpg,0
faces2145.jpg,0
faces2005.jpg,0
faces2203.jpg,0
faces1939.jpg,0
faces3072.jpg,0
faces689.jpg,0
faces1956.jpg,0
faces495.jpg,0
faces3096.jpg,0
faces3058.jpg,0
faces413.jpg,0
faces237.jpg,0
faces605.jpg,0
faces1043.jpg,0
faces980.jpg,0
faces559.jpg,0
faces2913.jpg,0
faces2279.jpg,0
faces1084.jpg,0
faces721.jpg,0
faces359.jpg,0
faces2333.jpg,0
faces895.jpg,0
faces2922.jpg,0
faces2550.jpg,0
faces1386.jpg,0
faces60.jpg,0
faces2596.jpg,0
faces2008.jpg,0
faces3113.jpg,0
faces2972.jpg,0
faces3089.jpg,0
faces3039.jpg,0
faces344.jpg,0
faces1223.jpg,0
faces975.jpg,0
faces306.jpg,0
faces1073.jpg,0
faces47.jpg,0
faces1571.jpg,0
faces658.jpg,0
faces2881.jpg,0
faces166.jpg,0
faces2867.jpg,0
faces1122.jpg,0
faces968.jpg,0
faces1017.jpg,0
faces2098.jpg,0
faces2587.jpg,0
faces1964.jpg,0
faces3073.jpg,0
faces2704.jpg,0
faces2334.jpg,0
faces2646.jpg,0
faces2682.jpg,0
faces1715.jpg,0
faces2753.jpg,0
faces2855.jpg,0
faces1697.jpg,0
faces612.jpg,0
faces1.jpg,0
faces815.jpg,0
faces1143.jpg,0
faces1130.jpg,0
faces572.jpg,0
faces655.jpg,0
faces448.jpg,0
faces2328.jpg,0
faces2549.jpg,0
faces2018.jpg,0
faces1972.jpg,0
faces4.jpg,0
faces1787.jpg,0
faces3107.jpg,0
faces1134.jpg,0
faces2000.jpg,0
faces2286.jpg,0
faces2323.jpg,0
faces548.jpg,0
faces2217.jpg,0
faces2500.jpg,0
faces3104.jpg,0
faces1455.jpg,0
faces1778.jpg,0
faces2996.jpg,0
faces1002.jpg,0
faces3044.jpg,0
faces1207.jpg,0
faces2373.jpg,0
faces2181.jpg,0
faces2713.jpg,0
faces2590.jpg,0
faces1845.jpg,0
faces911.jpg,0
faces243.jpg,0
faces560.jpg,0
faces3103.jpg,0
faces1828.jpg,0
faces327.jpg,0
faces80.jpg,0
faces2966.jpg,0
faces1567.jpg,0
faces2463.jpg,0
faces874.jpg,0
faces1204.jpg,0
faces1996.jpg,0
faces2438.jpg,0
faces2655.jpg,0
faces2165.jpg,0
faces2600.jpg,0
faces2726.jpg,0
faces39.jpg,0
faces2939.jpg,0
faces181.jpg,0
faces2696.jpg,0
faces2794.jpg,0
faces1026.jpg,0
faces2501.jpg,0
faces1604.jpg,0
faces2489.jpg,0
faces2943.jpg,0
faces2441.jpg,0
faces1212.jpg,0
faces3023.jpg,0
faces315.jpg,0
faces2527.jpg,0
faces3075.jpg,0
faces1691.jpg,0
faces1152.jpg,0
faces1259.jpg,0
faces1218.jpg,0
faces228.jpg,0
faces279.jpg,0
faces2553.jpg,0
faces2834.jpg,0
faces109.jpg,0
faces35.jpg,0
faces2174.jpg,0
faces2380.jpg,0
faces1994.jpg,0
faces1395.jpg,0
faces2264.jpg,0
faces2025.jpg,0
faces2170.jpg,0
faces2926.jpg,0
faces142.jpg,0
faces3120.jpg,0
faces1441.jpg,0
faces2472.jpg,0
faces1767.jpg,0
faces2787.jpg,0
faces1995.jpg,0
faces2951.jpg,0
faces257.jpg,0
faces411.jpg,0
faces2788.jpg,0
faces2626.jpg,0
faces1336.jpg,0
faces2873.jpg,0
faces1277.jpg,0
faces491.jpg,0
faces2037.jpg,0
faces406.jpg,0
faces2915.jpg,0
faces2953.jpg,0
faces462.jpg,0
faces1850.jpg,0
faces2537.jpg,0
faces282.jpg,0
faces2784.jpg,0
faces2237.jpg,0
faces1150.jpg,0
faces2706.jpg,0
faces1263.jpg,0
faces349.jpg,0
faces809.jpg,0
faces982.jpg,0
faces1851.jpg,0
faces2270.jpg,0
faces2974.jpg,0
faces1639.jpg,0
faces1325.jpg,0
faces2235.jpg,0
faces2938.jpg,0
faces1338.jpg,0
faces569.jpg,0
faces2786.jpg,0
faces1101.jpg,0
faces2894.jpg,0
faces1866.jpg,0
faces2783.jpg,0
faces583.jpg,0
faces2623.jpg,0
faces42.jpg,0
faces208.jpg,0
faces366.jpg,0
faces2540.jpg,0
faces1303.jpg,0
faces2494.jpg,0
faces945.jpg,0
faces2962.jpg,0
faces30.jpg,0
faces1677.jpg,0
faces1275.jpg,0
faces2435.jpg,0
faces2641.jpg,0
faces2973.jpg,0
faces1766.jpg,0
faces1518.jpg,0
faces2442.jpg,0
faces2584.jpg,0
faces1189.jpg,0
faces3115.jpg,0
faces3038.jpg,0
faces1318.jpg,0
faces1427.jpg,0
faces2547.jpg,0
faces2359.jpg,0
faces2043.jpg,0
faces1999.jpg,0
faces377.jpg,0
faces863.jpg,0
faces1601.jpg,0
faces2399.jpg,0
faces1474.jpg,0
faces443.jpg,0
faces1108.jpg,0
faces1112.jpg,0
faces374.jpg,0
faces2153.jpg,0
faces1246.jpg,0
faces2651.jpg,0
faces2386.jpg,0
faces988.jpg,0
faces2727.jpg,0
faces2905.jpg,0
faces705.jpg,0
faces451.jpg,0
faces1269.jpg,0
faces1928.jpg,0
faces650.jpg,0
faces459.jpg,0
faces647.jpg,0
faces1494.jpg,0
faces2307.jpg,0
faces2151.jpg,0
faces2989.jpg,0
faces1190.jpg,0
faces790.jpg,0
faces690.jpg,0
faces827.jpg,0
faces2176.jpg,0
faces541.jpg,0
faces2482.jpg,0
faces2433.jpg,0
faces1415.jpg,0
faces739.jpg,0
faces528.jpg,0
faces1279.jpg,0
faces238.jpg,0
faces756.jpg,0
faces3045.jpg,0
faces676.jpg,0
faces894.jpg,0
faces5.jpg,0
faces2418.jpg,0
faces1584.jpg,0
faces1653.jpg,0
faces122.jpg,0
faces857.jpg,0
faces2163.jpg,0
faces2818.jpg,0
faces107.jpg,0
faces2830.jpg,0
faces2870.jpg,0
faces314.jpg,0
faces570.jpg,0
faces901.jpg,0
faces1755.jpg,0
faces1815.jpg,0
faces1597.jpg,0
faces2907.jpg,0
faces2566.jpg,0
faces444.jpg,0
faces1534.jpg,0
faces1725.jpg,0
faces2694.jpg,0
faces1733.jpg,0
faces981.jpg,0
faces2394.jpg,0
faces1642.jpg,0
faces1562.jpg,0
faces162.jpg,0
faces1151.jpg,0
faces245.jpg,0
faces1074.jpg,0
faces2570.jpg,0
faces2557.jpg,0
faces399.jpg,0
faces2674.jpg,0
faces1164.jpg,0
faces405.jpg,0
faces2583.jpg,0
faces2362.jpg,0
faces1251.jpg,0
faces1727.jpg,0
faces2618.jpg,0
faces216.jpg,0
faces2369.jpg,0
faces2588.jpg,0
faces199.jpg,0
faces2370.jpg,0
faces361.jpg,0
faces1396.jpg,0
faces1053.jpg,0
faces2679.jpg,0
faces931.jpg,0
faces2180.jpg,0
faces362.jpg,0
faces660.jpg,0
faces2154.jpg,0
faces2937.jpg,0
faces629.jpg,0
faces1981.jpg,0
faces1716.jpg,0
faces2294.jpg,0
faces2604.jpg,0
faces67.jpg,0
faces18.jpg,0
faces1044.jpg,0
faces78.jpg,0
faces2047.jpg,0
faces2854.jpg,0
faces288.jpg,0
faces2040.jpg,0
faces2844.jpg,0
faces1874.jpg,0
faces729.jpg,0
faces636.jpg,0
faces2056.jpg,0
faces2582.jpg,0
faces825.jpg,0
faces1355.jpg,0
faces2739.jpg,0
faces653.jpg,0
faces1324.jpg,0
faces1450.jpg,0
faces1458.jpg,0
faces121.jpg,0
faces1723.jpg,0
faces1179.jpg,0
faces2658.jpg,0
faces2497.jpg,0
faces2949.jpg,0
faces2760.jpg,0
faces885.jpg,0
faces2398.jpg,0
